INSERT INTO INVESTIGATOR VALUES('113113113','Stannis','Boratheon','PI','2256 Fake St.','1234511231');
INSERT INTO INVESTIGATOR VALUES('324124351','John','Smith','Mechanic','113 Real St.','1235672345');
INSERT INTO INVESTIGATOR VALUES('123532566','John','Snow','Engineer','116 Torco St.','2081340009');
INSERT INTO INVESTIGATOR VALUES('123124155','Renly','Boratheon','Doctor','Castro Rd.','2091135684');
INSERT INTO INVESTIGATOR VALUES('124513256','Ned','Stark','Lawyer','145 Dodo St.','5596751001');

INSERT INTO REVIEWER VALUES ('123456','Stannis','Boratheon');
INSERT INTO REVIEWER VALUES ('111111','John','Smith');
INSERT INTO REVIEWER VALUES ('222222','John','Snow');
INSERT INTO REVIEWER VALUES ('123433','Mary','Anderson');
INSERT INTO REVIEWER VALUES ('657658','Swaggis','Broatheon');

INSERT INTO PROJECT VALUES('123456','Air Quality Research Project','No','Finished');
INSERT INTO PROJECT VALUES('111111', 'Northwoods Project','Yes','Open');
INSERT INTO PROJECT VALUES('222222', 'Apple Project','No','Open');
INSERT INTO PROJECT VALUES('351341', 'Denge Project','Yes','Open');
INSERT INTO PROJECT VALUES('112441', 'Class Project','Yes','Finished');
INSERT INTO PROJECT VALUES('644241', 'Nister Project','No','Open');
INSERT INTO PROJECT VALUES('573212', 'Boccu Project','No','Finished');

INSERT INTO LANGUAGE VALUES('123456','English');
INSERT INTO LANGUAGE VALUES('111111','Spanish');
INSERT INTO LANGUAGE VALUES('222222','French');

INSERT INTO WORKS_ON VALUES('123456', '113113113','Water');
INSERT INTO WORKS_ON VALUES('111111', '324124351','Soda');
INSERT INTO WORKS_ON VALUES('222222', '123532566','Beer');
INSERT INTO WORKS_ON VALUES('235432', '135464255','Eergy');
INSERT INTO WORKS_ON VALUES('435244', '167586786','Apples');
INSERT INTO WORKS_ON VALUES('524352', '659735673','Gum');

INSERT INTO REVIEWS VALUES('123456','113113113','Optional');
INSERT INTO REVIEWS VALUES('111111','324124351','Manditory');
INSERT INTO REVIEWS VALUES('222222','123532566','Optional');
INSERT INTO REVIEWS VALUES('123124','123421351','Manditory');
INSERT INTO REVIEWS VALUES('124312','453645863','Optional');

INSERT INTO CONTACT_HISTORY VALUES ('77777','123456','John V.','Phone','Parent');
INSERT INTO CONTACT_HISTORY VALUES ('88888','111111','Goku SSJ3.','Telegram','Brother');
INSERT INTO CONTACT_HISTORY VALUES ('99999','222222','Arrya S.','Cell', 'Sister');

INSERT INTO CONTACT_REMINDER VALUES ('77777','123456','Jesse');
INSERT INTO CONTACT_REMINDER VALUES ('88888','111111','James');
INSERT INTO CONTACT_REMINDER VALUES ('99999','222222','Meowth');
INSERT INTO CONTACT_REMINDER VALUES ('00000','333333','Aragorn');
